apps/web/src/views/OrganizerDashboardPage.tsx	1b30155	8474
apps/web/src/App.css	f77661d	67033
apps/api/migrations/015_event_publication_lifecycle.cjs	f841583	1025
apps/api/src/events/repository.ts	c90fede	10986
apps/api/src/events/validation.ts	7605a83	4123
apps/api/src/events/routes.ts	6b618c6	20369
apps/api/src/registrations/routes.ts	dfe1870	24232
apps/web/src/features/publicReads.ts	a224602	6055
apps/web/src/features/organizer.ts	9379a75	27731
apps/web/src/components/EventManagementActions.tsx	93eed2e	1349
apps/web/src/views/OrganizerEventsPage.tsx	fdbe2f1	7099
apps/web/src/views/EventRosterPage.tsx	4db406c	31837
apps/web/src/views/KioskPage.tsx	5247c6f	23583
apps/web/src/views/EventFormPage.tsx	a783c09	25264
apps/web/src/locales/en/common.ts	ab22bea	32255
apps/web/src/locales/es/common.ts	4b543f7	34314
openapi.yaml	f4024b8	104430
apps/api/tests/integration/events.test.ts	fa14e90	17520
apps/web/src/views/RegistrationPage.tsx	3b785ea	16661
apps/web/src/test/kiosk-behavior.test.tsx	d7b6de5	8175
docs/decisions.md	6616401	49298
apps/api/tests/integration/public-reads.test.ts	66c1f47	6991
apps/api/tests/integration/registrations.test.ts	80f1dc8	25671
apps/web/src/views/DurableRegistrationPage.tsx	ab4fc36	2733
apps/web/src/test/durable-registration-page.test.tsx	2c3699c	3494
apps/web/src/test/registration-page.test.tsx	f528873	6524
apps/api/src/performances/repository.ts	80fcd59	10447
apps/web/src/test/kiosk-access.test.tsx	9e3fd9d	1618
apps/web/src/test/roster-access.test.tsx	2ec980e	5233
docs/architecture/data-model.md	e6bdcb9	48520
apps/web/src/views/DetailPage.tsx	a5b76d7	12832
apps/web/src/test/detail-page.test.tsx	1bf000f	2583
apps/web/src/test/event-form-cancel.test.tsx	5cdf98b	5157
apps/web/src/views/shared.tsx	3abbb27	8626
apps/web/src/test/registration-edit-modal.test.tsx	9d219fa	3936
apps/web/src/views/OpenMicFormPage.tsx	7f7e1f5	27393
apps/web/src/test/open-mic-form-cancel.test.tsx	002f0d3	3011