apps/web/src/views/OrganizerDashboardPage.tsx	26ea537
apps/web/src/App.css	8267501
apps/api/migrations/015_event_publication_lifecycle.cjs	da39a3e
apps/api/src/events/repository.ts	c36db4d
apps/api/src/events/validation.ts	23c2e23
apps/api/src/events/routes.ts	fa7e9fe
apps/api/src/registrations/routes.ts	5a2688f
apps/web/src/features/publicReads.ts	868469d
apps/web/src/features/organizer.ts	f53b78d
apps/web/src/components/EventManagementActions.tsx	d5889a9
apps/web/src/views/OrganizerEventsPage.tsx	25b6759
apps/web/src/views/EventRosterPage.tsx	5d08490
apps/web/src/views/KioskPage.tsx	946c54b
apps/web/src/views/EventFormPage.tsx	c920511
apps/web/src/locales/en/common.ts	bcae8ab
apps/web/src/locales/es/common.ts	753099d
openapi.yaml	10fc4b6
apps/api/tests/integration/events.test.ts	06ff214
apps/web/src/views/RegistrationPage.tsx	11e8eba
apps/web/src/test/kiosk-behavior.test.tsx	65663a7
docs/decisions.md	38c3507
apps/api/tests/integration/public-reads.test.ts	8ef9fdb
apps/api/tests/integration/registrations.test.ts	1357afa
apps/web/src/views/DurableRegistrationPage.tsx	88f023b
apps/web/src/test/durable-registration-page.test.tsx	da39a3e
apps/web/src/test/registration-page.test.tsx	a48134a
apps/api/src/performances/repository.ts	67b6d56
apps/web/src/test/kiosk-access.test.tsx	a90d595
apps/web/src/test/roster-access.test.tsx	ecf0413
docs/architecture/data-model.md	5687cf3
apps/web/src/views/DetailPage.tsx	faa2c6c
apps/web/src/test/detail-page.test.tsx	1509f46
apps/web/src/test/event-form-cancel.test.tsx	da39a3e
apps/web/src/views/shared.tsx	d35d1a7
apps/web/src/test/registration-edit-modal.test.tsx	da39a3e
apps/web/src/test/performer-card-details.test.tsx	da39a3e
apps/web/src/views/OpenMicFormPage.tsx	9bc8919
apps/web/src/test/open-mic-form-cancel.test.tsx	da39a3e